New Balance,http://nb.scene7.com/is/image/NB/m990gl4_nb_02_i?$dw_temp_default_gallery$,"Wear with pride. New Balance sneakers labeled ""Made in the USA"" are built by American workers in one of our New England factories.Manufactured in the US for over 75 years and representing a limited portion of our US sales, New Balance Made is a premium collection that contains a domestic value of 70% or greater.","['Black', 'Black_with_Silver', 'Burgundy', 'Grey_with_Castlerock', 'MilitaryGreen', 'Green', 'Navy_with_Silver']",Mens New Balance 990v4,$174.99
New Balance,http://nb.scene7.com/is/image/NB/ml574egg_nb_02_i?$dw_temp_default_gallery$,Your go-to strategy for confident everyday style includes the men's 574 with its iconic look and supportive ENCAP midsole cushioning.,"['Burgundy', 'Grey', 'Black', 'Navy', 'NimbusCloud']",574,$79.99
New Balance,http://nb.scene7.com/is/image/NB/l3000bk3_nb_02_i?$dw_temp_default_gallery$,"Described as “a running shoe on spikes,” the 3000v3 incorporates REVlite foam for comfort close to the foot. The upper mixes an innovative combo of materials to provide support, breathability and protection.","['Black_with_Blue', 'Black_with_White', 'Black_with_Orange', 'Black_with_Purple', 'Black_with_Red', 'Black_with_Yellow', 'Grey_with_Blue', 'Grey_with_Navy', 'Grey_with_Red', 'Grey_with_White', 'White_with_Green', 'Black', 'White', 'RoyalBlue_with_White', 'Navy_with_White', 'Red_with_White']",Metal 3000v3,$94.99
New Balance,http://nb.scene7.com/is/image/NB/mcruzog_nb_02_i?$dw_temp_default_gallery$,A lightweight upper meets soft cushioning technology for superior comfort that elevates your everyday look with modern sport style.,"['Black_with_SeaSalt_and_Gum', 'CopperRose_with_SeaSalt_and_Gum', 'Castlerock_with_SeaSalt_and_Gum', 'Pigment_with_SeaSalt_and_Gum', 'TriumphGreen', 'TempoRed']",Mens Fresh Foam Cruz,$69.99 - $79.99
New Balance,http://nb.scene7.com/is/image/NB/ml574gyb_nb_02_i?$dw_temp_default_gallery$,This collector's edition offers a clean and classic profile and ENCAP cushioning technology to help you meet every day with confidence.,"['Grey', 'Steel']",574 Legacy of Grey,$99.99
New Balance,http://nb.scene7.com/is/image/NB/pl4040n4_nb_02_i?$dw_temp_default_gallery$,"The 4040v4 molded cleat is built with amazing mid-foot support, low profile cleats for superior grip and strategically-placed cushioning to make your game almost effortless.","['Black_with_Orange', 'RoyalBlue_with_White', 'Grey', 'Black_with_White', 'Navy_with_White', 'Red_with_White', 'Black_with_Yellow']",TPU 4040v4,$79.99
New Balance,http://nb.scene7.com/is/image/NB/t4040bk4_nb_02_i?$dw_temp_default_gallery$,"Built for playing stability, this premium baseball shoe provides superior comfort for a consistent feel from turf to cleat so that your game stays on-point.","['Grey', 'Black_with_Blue', 'Black', 'Black_with_Orange', 'Black_with_Red', 'Black_with_Yellow', 'RoyalBlue_with_White', 'TeamDarkGreen_with_Black', 'Navy_with_White', 'Red_with_White', 'White_with_Black']",Turf 4040v4,$84.99
New Balance,http://nb.scene7.com/is/image/NB/m860gr8_nb_02_i?$dw_temp_default_gallery$,The men’s 860v8 engineered mesh on the upper is thoughtfully designed for lightweight breathability and freedom of movement.,"['Bolt_with_Black', 'VividCobaltBlue_with_EnergyLime_and_Black', 'Black_with_HiLite', 'Black_with_Thunder', 'Steel_with_EnergyLime_and_Black', 'TeamAwayGrey_with_Flame', 'Pigment_with_DeepPorcelainBlue']",860v8,$124.99
New Balance,http://nb.scene7.com/is/image/NB/freezgw_nb_02_i?$dw_temp_default_gallery$,Freeze your defender in the NB Freeze cleat. Quixrail delivers superior traction with lugs designed to mirror the cuts taken by lacrosse athletes.,"['Black_with_Grey', 'Grey_with_White', 'White_with_Blue', 'White_with_Red', 'White_with_Green', 'White_with_Black']",FreezeLX,$109.99
New Balance,http://nb.scene7.com/is/image/NB/m1080bb8_nb_02_i?$dw_temp_default_gallery$,"In addition to the advanced cushioning built into the midsole, this men's running shoe also ships with an Ortholite insert to add an extra layer of support.","['Pacific_with_Black_and_MaldivesBlue', 'Black_with_White', 'Gunmetal_with_Thunder_and_Flame', 'Steel_with_Black_and_HiLite', 'White_with_Black_and_NorthSea']",Fresh Foam 1080v8,$149.99
New Balance,http://nb.scene7.com/is/image/NB/l4040tb4_nb_02_i?$dw_temp_default_gallery$,"The 4040v4 metal cleat is built with amazing mid-foot support, low profile cleats for superior grip and strategically-placed cushioning to make your game almost effortless.","['Grey', 'Black_with_RoyalBlue', 'Black', 'Black_with_Orange', 'Black_with_Purple', 'Black_with_Red', 'Black_with_Yellow', 'RoyalBlue_with_White', 'Green_with_White', 'Navy_with_White', 'Red_with_White']",4040v4,$99.99
New Balance,http://nb.scene7.com/is/image/NB/compbk1_nb_02_i?$dw_temp_default_gallery$,"Whether you're at a full sprint or standing still, the COMPv1 men's baseball cleat offers the comfort and support you need to give the game your all.","['Black_with_White_and_Red', 'Blue_with_White_and_Red', 'Grey_with_White_and_Red', 'Navy', 'Red_with_White', 'White_with_Black_and_Red']",COMPv1,$139.99
New Balance,http://nb.scene7.com/is/image/NB/mw928bk3_nb_02_i?$dw_temp_default_gallery$,"Developed for all-day comfort, the New Balance 928 men’s walking shoe offers industry-leading motion control and superior stability thanks to our ROLLBAR and Walking Strike Path technologies. Add to that ABZORB midfoot cushioning, a seamless Phantom Liner and an odor-resistant treatment and you've got a shoe that can take you from 9 to 5 to whenever.","['Black', 'Tan', 'White']",Men's Leather 928v3,$139.99
New Balance,http://nb.scene7.com/is/image/NB/m880gy8_nb_02_i?$dw_temp_default_gallery$,"As always, you can expect a secure fit thanks to no-sew overlays. Striking materials and colors give this iteration next-level aesthetics. ","['Black_with_White', 'Pacific_with_Black', 'Grey_with_Black', 'MaldivesBlue_with_Black']",880v8,$124.99
New Balance,http://nb.scene7.com/is/image/NB/mx40bc_nb_02_i?$dw_temp_default_gallery$,"As your intensity increases, you can rely on the support of the external heel clip, the traction of the Vibram® outsole, and the comfort of the breathable synthetic/mesh upper.","['Barracuda_with_Red', 'HiLite_with_DarkDenim_and_Steel', 'Grey', 'Black_with_HiLite_and_White']",Minimus 40 Trainer,$119.99
New Balance,http://nb.scene7.com/is/image/NB/md1100bk_nb_02_i?$dw_temp_default_gallery$,Leather laces round out the premium classic look.,"['Black', 'Brown_with_Maroon', 'Grey_with_Blue', 'Navy_with_Blue']",1100,$129.99
New Balance,http://nb.scene7.com/is/image/NB/ml574erd_nb_02_i?$dw_temp_default_gallery$,Your go-to strategy for confident everyday style includes the men's 574 with its iconic look and supportive ENCAP midsole cushioning.,"['Hemp', 'Olive', 'ForestGreen', 'ClassicBlue', 'TeamRed', 'VegasGold']",574,$79.99
New Balance,http://nb.scene7.com/is/image/NB/mx624wn2_nb_02_i?$dw_temp_default_gallery$,"Some would say that the New Balance 624 cross-trainer couldn't get any better. And they would be wrong. Presenting the updated 624 with increased flexibility, enhanced cushioning and even wider widths than ever before (4E and 6E). Tech specs include an EVA footbed, IMEVA (Injection Molded EVA foam), ABZORB® cushioning, internal shank and our lightweight Phantom Liner. ","['White_with_Navy', 'Black']",Mens New Balance 624,$74.99
New Balance,http://nb.scene7.com/is/image/NB/mrl247dt_nb_02_i?$dw_temp_default_gallery$,Durable construction and ultra-comfortable midsole cushioning are sure to make this men's sneaker your go-to favorite.,"['Black', 'Red', 'Navy', 'Grey', 'Mushroom', 'White']",247 Decon,$89.99
New Balance,http://nb.scene7.com/is/image/NB/t3000tr3_nb_02_i?$dw_temp_default_gallery$,"Described as “a running shoe on spikes,” the 3000v3 incorporates REVlite foam for comfort close to the foot. The upper mixes an innovative combo of materials to provide support, breathability and protection.","['Black_with_White', 'Black_with_Orange', 'Black_with_Yellow', 'Grey_with_White', 'Navy_with_White', 'White_with_Green', 'RoyalBlue_with_White', 'Red_with_White']",Turf 3000v3,$79.99
New Balance,http://nb.scene7.com/is/image/NB/mx20eb7_nb_02_i?$dw_temp_default_gallery$,"The Minimus 20v7 men's trainer delivers advanced comfort and ground feel, so you can keep your focus on crushing your goals.","['Black_with_White', 'Red_with_Castlerock', 'EnergyLime_with_Black_and_Bolt', 'MilitaryFoliageGreen_with_DarkGreen', 'Pacific_with_Pigment_and_White']",Minimus 20v7 Trainer,$99.99
New Balance,http://nb.scene7.com/is/image/NB/mlazrmg_nb_02_i?$dw_temp_default_gallery$,"Featuring a lightweight and flexible mesh upper and advanced midsole cushioning, the FRESH FOAM LAZR Sport provides uncompromising performance for athletes on the move.","['Phantom_with_Black_and_White', 'MilitaryUrbanGrey_with_StoneGrey_and_White', 'Phantom_with_HiLite_and_White', 'Black_with_White', 'Black_with_Oxblood_and_SeaSalt', 'TeamRoyal_with_Black_and_White']",Fresh Foam Lazr Sport,$89.99
New Balance,http://nb.scene7.com/is/image/NB/ms574emg_nb_02_i?$dw_temp_default_gallery$,"For an athletic look backed by superior performance, this men's sneaker is sure to land in your starting lineup day after day.","['VintageIndigo_with_Galaxy', 'MilitaryUrbanGrey_with_Moonbeam', 'Magnet_with_Grey', 'TriumphGreen_with_Covert']",574 Sport,$109.99
New Balance,http://nb.scene7.com/is/image/NB/mtkymlb1_nb_02_i?$dw_temp_default_gallery$,"For more comfort on the trail, the NB Response 2.0 Performance Insert helps support your step with a molded arch and heel. ","['Black_with_Phantom', 'TeamAwayGrey_with_Phantom']",Fresh Foam Kaymin TRL,$74.99
